DHSID_EA,asset_index,sanitation_index,water_index,women_edu
BJ-2012-6#-00000150,1.32045394462968,3.125,4.833333333333333,4.2631578947368425
BJ-2012-6#-00000399,-0.6179068233553249,1.3333333333333333,3.6666666666666665,0.9047619047619048
BJ-2012-6#-00000521,0.7760713256470083,2.608695652173913,4.826086956521739,6.318181818181818
BJ-2001-4#-00000200,,,,0.4782608695652174
BJ-2017-7#-00000442,1.940549697285564,3.769230769230769,4.961538461538462,4.185185185185185
BJ-2017-7#-00000112,1.4566689550090854,3.3076923076923075,4.884615384615385,4.307692307692308
BJ-2012-6#-00000065,-1.829669407409394,1.0416666666666667,2.333333333333333,0.8823529411764706
