DHSID_EA,women_edu
MW-2015-7Z-00000649,8.857142857142858
MW-2010-6#-00000556,8.678571428571429
MW-2000-4#-00002126,9.571428571428571
MW-2000-4#-00001090,5.933333333333334
MW-2004-4Z-00000051,8.526315789473685
MW-2012-6Z-00000069,5.166666666666667
MW-2004-4Z-00000008,4.111111111111111
MW-2010-6#-00000795,7.081081081081081
