DHSID_EA,asset_index
BU-2016-7#-00000222,-2.7864445990907654
BU-2016-7#-00000103,-3.0458291260572854
BU-2016-7#-00000170,-2.571276441547643
