DHSID_EA,asset_index,sanitation_index,water_index,women_edu
BU-2016-7#-00000222,-2.7864445990907654,2.103448275862069,1.0,3.333333333333333
BU-2016-7#-00000103,-3.0458291260572854,2.034482758620689,1.103448275862069,2.3125
BU-2016-7#-00000170,-2.571276441547643,2.2222222222222223,1.4444444444444444,5.2
BU-2010-6#-00000342,-0.010500008965121,3.130434782608696,4.130434782608695,5.258064516129032
BU-2012-6Z-00000200,2.30596846206102,4.68,4.96,9.63157894736842
BU-2012-6Z-00000065,-3.078891992878101,2.0,1.0,2.4347826086956523
