DHSID_EA,sanitation_index
DR-2013-6#-00002055,
DR-2007-5#-00002092,3.6666666666666665
DR-2013-6#-00001834,
DR-2007-5#-00002039,3.9166666666666665
DR-2007-5#-00000022,4.8
DR-2007-5#-00001331,4.7727272727272725
DR-2007-5#-00001700,2.9565217391304346
DR-2007-5#-00000929,4.0
DR-2013-6#-00001863,
DR-2013-6#-00001697,
DR-2007-5#-00000219,3.8260869565217392
DR-2013-6#-00001846,
DR-2007-5#-00001380,2.583333333333333
DR-2007-5#-00000938,5.0
