DHSID_EA,asset_index
SL-2013-6#-00000402,-0.1284156905190276
SL-2013-6#-00000298,-1.244821982505042
SL-2008-5#-00000262,1.4024410192219472
SL-2008-5#-00000243,-1.0889061976597894
SL-2013-6#-00000389,1.1484754771852672
SL-2013-6#-00000303,2.0865429798618904
SL-2008-5#-00000318,2.279795405688429
SL-2019-7Z-00000297,-2.168688622686588
