DHSID_EA,water_index
LB-2013-6Z-00000016,4.0
LB-2007-5#-00000252,2.833333333333333
LB-2013-6Z-00000033,2.2
LB-2019-7Z-00000267,3.185185185185185
LB-2007-5#-00000088,4.0
LB-2013-6Z-00000040,4.068965517241379
LB-2007-5#-00000253,4.0
LB-2013-6Z-00000127,4.433333333333334
