DHSID_EA,water_index
SL-2016-7#-00000189,4.65
SL-2008-5#-00000243,4.0
SL-2013-6#-00000389,4.0
SL-2008-5#-00000173,2.909090909090909
SL-2013-6#-00000298,3.586206896551724
SL-2013-6#-00000402,4.0
SL-2019-7Z-00000344,3.9166666666666665
SL-2019-7Z-00000297,2.8260869565217392
SL-2013-6#-00000061,1.4137931034482758
SL-2019-7Z-00000239,3.458333333333333
SL-2008-5#-00000318,4.181818181818182
