DHSID_EA,water_index
SL-2013-6#-00000402,4.0
SL-2019-7Z-00000355,3.4347826086956523
SL-2016-7#-00000189,4.65
SL-2008-5#-00000173,2.909090909090909
SL-2008-5#-00000243,4.0
SL-2013-6#-00000389,4.0
SL-2013-6#-00000061,1.4137931034482758
SL-2019-7Z-00000297,2.8260869565217392
