DHSID_EA,asset_index
RW-2015-7#-00000006,0.8199611443229183
RW-2015-7#-00000029,1.4573801745468316
RW-2010-6#-00000103,-1.5548812451090492
RW-2015-7#-00000305,-2.058996410159787
RW-2015-7#-00000064,-1.855238707904869
RW-2010-6#-00000423,1.3354906148026509
RW-2005-5#-00000136,
RW-2015-7#-00000275,-1.2328296037049162
RW-2010-6#-00000204,-2.240998747932172
RW-2015-7#-00000100,0.0162519048205245
RW-2005-5#-00000040,
RW-2010-6#-00000430,-2.479388950648672
RW-2015-7#-00000259,-2.2535507203627945
