DHSID_EA,women_edu
DR-2013-6#-00002055,9.882352941176473
DR-2013-6#-00003067,13.875
DR-2007-5#-00002337,10.764705882352942
DR-2007-5#-00002092,4.0
DR-2013-6#-00001834,9.416666666666666
DR-2007-5#-00002037,10.733333333333333
DR-2007-5#-00002838,6.833333333333333
DR-2007-5#-00000779,10.923076923076923
DR-2007-5#-00000452,13.55
DR-2007-5#-00000856,12.5
DR-2007-5#-00000022,10.954545454545457
DR-2007-5#-00000336,9.25
DR-2007-5#-00000938,
