DHSID_EA,water_index
TD-2014-7#-00000130,3.3793103448275863
TD-2014-7#-00000199,3.8
TD-2014-7#-00000311,3.5
TD-2014-7#-00000604,3.2758620689655173
TD-2014-7#-00000270,2.269230769230769
TD-2014-7#-00000089,2.8
TD-2014-7#-00000468,5.0
TD-2014-7#-00000480,4.1
TD-2014-7#-00000261,3.4285714285714284
