DHSID_EA,water_index
TD-2014-7#-00000311,3.5
TD-2014-7#-00000270,2.269230769230769
TD-2014-7#-00000100,4.7
TD-2014-7#-00000617,3.5
TD-2014-7#-00000491,4.04
TD-2014-7#-00000089,2.8
TD-2014-7#-00000130,3.3793103448275863
TD-2014-7#-00000573,3.08
TD-2014-7#-00000383,4.5
TD-2014-7#-00000480,4.1
TD-2014-7#-00000101,3.3181818181818183
TD-2014-7#-00000112,2.6818181818181817
TD-2014-7#-00000468,5.0
TD-2014-7#-00000554,4.04
TD-2014-7#-00000261,3.4285714285714284
