DHSID_EA,water_index
AO-2015-7#-00000010,5.0
AO-2006-5#-00000077,
AO-2011-6#-00000156,1.0
AO-2011-6#-00000043,1.0
AO-2006-5#-00000033,
AO-2006-5#-00000089,
AO-2015-7#-00000160,3.44
AO-2015-7#-00000342,4.6923076923076925
AO-2015-7#-00000152,3.230769230769231
AO-2011-6#-00000171,3.111111111111111
AO-2015-7#-00000216,3.423076923076923
AO-2015-7#-00000266,4.076923076923077
AO-2015-7#-00000388,1.0
AO-2015-7#-00000526,4.0
AO-2015-7#-00000467,4.041666666666667
