DHSID_EA,asset_index
BF-2003-4#-00000214,
BF-2010-6#-00000012,1.36051785072178
BF-2010-6#-00000022,1.3269084326818767
BF-2014-7#-00000043,-0.6919094158567121
BF-2010-6#-00000185,1.3613460719414607
