DHSID_EA,asset_index
GA-2012-6#-00000307,2.09638914329719
GA-2012-6#-00000215,2.6050882035074663
GA-2012-6#-00000015,0.2774472091017478
GA-2012-6#-00000146,1.7785343654000854
GA-2012-6#-00000318,-0.6340445211964036
GA-2012-6#-00000264,2.537973221852206
GA-2012-6#-00000064,-0.3767295371563065
GA-2012-6#-00000209,-2.48163094172238
GA-2012-6#-00000252,1.8052514127987804
GA-2012-6#-00000111,-2.022708543125576
GA-2012-6#-00000090,-1.342059807904702
