DHSID_EA,water_index
BF-2014-7#-00000043,4.076923076923077
BF-2010-6#-00000185,4.923076923076923
BF-2010-6#-00000012,5.0
BF-2010-6#-00000251,5.0
BF-2014-7#-00000177,3.0
BF-2017-7Z-00000057,4.807692307692308
BF-2010-6#-00000022,4.923076923076923
BF-2003-4#-00000074,
