DHSID_EA,water_index
BF-2003-4#-00000214,
BF-2010-6#-00000012,5.0
BF-2003-4#-00000138,
BF-2014-7#-00000043,4.076923076923077
BF-2010-6#-00000185,4.923076923076923
BF-2010-6#-00000251,5.0
BF-2010-6#-00000406,3.48
BF-2014-7#-00000177,3.0
BF-2010-6#-00000458,4.75
BF-2017-7Z-00000142,3.730769230769231
BF-2010-6#-00000430,4.8
