DHSID_EA,sanitation_index
TD-2014-7#-00000130,1.0
TD-2014-7#-00000199,1.4
TD-2014-7#-00000311,1.0666666666666669
TD-2014-7#-00000604,1.3793103448275863
TD-2014-7#-00000270,1.0
TD-2014-7#-00000089,1.6666666666666667
TD-2014-7#-00000468,2.347826086956522
TD-2014-7#-00000480,1.9
TD-2014-7#-00000261,1.0
