DHSID_EA,asset_index
GN-2018-7#-00000104,2.229989451316936
GN-1999-4#-00003223,
GN-2012-6#-00000213,1.4729219237237738
GN-2012-6#-00000073,2.644413183279563
GN-2018-7#-00000252,-1.8744044048779205
GN-2005-5#-00000274,
GN-1999-4#-00005106,
