DHSID_EA,women_edu
SL-2019-7Z-00000154,6.428571428571429
SL-2013-6#-00000117,8.155555555555555
SL-2016-7#-00000261,4.567567567567568
SL-2008-5#-00000262,5.555555555555555
SL-2013-6#-00000402,4.045454545454546
SL-2019-7Z-00000091,2.1904761904761907
SL-2019-7Z-00000501,6.357142857142857
SL-2019-7Z-00000297,2.4285714285714284
SL-2013-6#-00000303,8.282051282051283
SL-2019-7Z-00000239,4.409090909090909
SL-2008-5#-00000318,7.315789473684211
