DHSID_EA,women_edu
GA-2012-6#-00000215,9.756756756756756
GA-2012-6#-00000015,3.4545454545454546
GA-2012-6#-00000318,6.444444444444445
GA-2012-6#-00000086,10.44
GA-2012-6#-00000198,10.84
GA-2012-6#-00000270,8.833333333333334
GA-2012-6#-00000264,8.38888888888889
GA-2012-6#-00000252,9.928571428571429
