DHSID_EA,women_edu
BU-2016-7#-00000103,2.3125
BU-2016-7#-00000170,5.2
BU-2010-6#-00000342,5.258064516129032
BU-2012-6Z-00000200,9.63157894736842
BU-2012-6Z-00000065,2.4347826086956523
