DHSID_EA,women_edu
GN-2018-7#-00000104,8.76923076923077
GN-2012-6#-00000213,5.482758620689655
GN-2018-7#-00000388,10.961538461538462
GN-2005-5#-00000286,3.76
