DHSID_EA,sanitation_index
ML-2018-7Z-00000347,3.076923076923077
ML-1996-3#-00000238,
ML-2001-4#-00000290,
ML-2006-5#-00000359,2.76
ML-2015-7#-00000011,2.25
ML-2006-5#-00000268,3.7666666666666666
ML-2006-5#-00000398,1.5142857142857142
ML-2001-4#-00000305,
ML-1996-3#-00000274,
ML-2001-4#-00000361,
ML-1996-3#-00000128,
ML-2006-5#-00000324,3.206896551724138
ML-1996-3#-00000009,
ML-2001-4#-00000009,
ML-2015-7#-00000161,3.458333333333333
ML-1996-3#-00000162,
ML-1996-3#-00000251,
