DHSID_EA,women_edu
TD-2014-7#-00000270,0.0
TD-2014-7#-00000311,1.0
TD-2014-7#-00000491,3.0
TD-2014-7#-00000130,0.0
TD-2014-7#-00000592,4.2
TD-2014-7#-00000261,0.0
TD-2014-7#-00000288,3.702702702702703
TD-2014-7#-00000573,3.6
TD-2014-7#-00000213,7.8125
TD-2014-7#-00000184,2.875
TD-2014-7#-00000093,4.894736842105263
TD-2014-7#-00000480,3.928571428571429
TD-2014-7#-00000100,0.9047619047619048
TD-2014-7#-00000623,0.0
