DHSID_EA,asset_index,sanitation_index,water_index,women_edu
NI-1998-3#-00000240,,,,3.76
NI-1998-3#-00000005,,,,3.0357142857142856
NI-1998-3#-00000161,,,,0.9428571428571428
NI-1998-3#-00000249,,,,7.833333333333333
NI-1998-3#-00000002,,,,2.533333333333333
NI-1998-3#-00000267,,,,4.25
NI-1998-3#-00000265,,,,6.166666666666667
NI-1998-3#-00000215,,,,0.1153846153846153
NI-1998-3#-00000232,,,,3.7142857142857135
NI-1998-3#-00000067,,,,0.72
