DHSID_EA,water_index
ML-2018-7Z-00000347,4.461538461538462
ML-1996-3#-00000238,
ML-2001-4#-00000290,
ML-2006-5#-00000359,4.12
ML-2015-7#-00000011,2.75
ML-2006-5#-00000268,4.0
ML-2006-5#-00000398,4.0
ML-2001-4#-00000305,
ML-1996-3#-00000274,
ML-2001-4#-00000361,
ML-1996-3#-00000128,
ML-2006-5#-00000324,4.896551724137931
ML-1996-3#-00000009,
ML-2001-4#-00000009,
ML-2015-7#-00000161,5.0
ML-1996-3#-00000162,
ML-1996-3#-00000251,
