DHSID_EA,water_index
ML-2012-6Z-00000561,5.0
ML-2006-5#-00000398,4.0
ML-2001-4#-00000290,
ML-1996-3#-00000128,
ML-2001-4#-00000305,
ML-1996-3#-00000009,
ML-2001-4#-00000009,
ML-1996-3#-00000274,
ML-2001-4#-00000361,
ML-2015-7#-00000011,2.75
ML-2015-7#-00000161,5.0
ML-2018-7Z-00000347,4.461538461538462
ML-1996-3#-00000053,
ML-1996-3#-00000162,
ML-1996-3#-00000251,
ML-2006-5#-00000291,3.742857142857143
ML-2001-4#-00000337,
