DHSID_EA,sanitation_index
KM-2012-6#-00000073,2.8823529411764706
KM-2012-6#-00000064,3.294117647058824
