DHSID_EA,women_edu
CI-1998-3Z-00000035,9.303030303030305
CI-2012-6#-00000212,1.2173913043478262
CI-2012-6#-00000146,2.574468085106383
CI-1998-3Z-00000110,4.5
