DHSID_EA,sanitation_index
SL-2016-7#-00000189,2.0
SL-2008-5#-00000243,2.409090909090909
SL-2013-6#-00000389,3.333333333333333
SL-2008-5#-00000173,1.9545454545454544
SL-2013-6#-00000298,2.206896551724138
SL-2013-6#-00000402,1.565217391304348
SL-2019-7Z-00000344,2.708333333333333
SL-2019-7Z-00000297,1.4782608695652173
SL-2013-6#-00000061,2.862068965517241
SL-2019-7Z-00000239,2.583333333333333
SL-2008-5#-00000318,4.227272727272728
