DHSID_EA,asset_index,sanitation_index,water_index,women_edu
KM-2012-6#-00000093,-0.0812677295351484,2.2777777777777777,4.555555555555555,2.2666666666666666
KM-2012-6#-00000198,0.9829906314199018,2.5,4.611111111111111,6.625
KM-2012-6#-00000074,-0.3563865848688566,3.176470588235294,5.0,4.5
KM-2012-6#-00000073,-0.0375693571195794,2.8823529411764706,5.0,2.2857142857142856
KM-2012-6#-00000097,-1.3004588009008695,2.0,3.0,1.5862068965517242
KM-2012-6#-00000064,1.7350102405894172,3.294117647058824,5.0,9.352941176470589
KM-2012-6#-00000250,0.2204233761634808,2.5,2.7222222222222223,7.333333333333333
