DHSID_EA,water_index
MW-2012-6Z-00000069,4.6
MW-2000-4#-00003053,
MW-2015-7Z-00000379,3.060606060606061
MW-2010-6#-00000236,3.057142857142857
MW-2004-4Z-00000044,
MW-2010-6#-00000305,3.6774193548387095
MW-2000-4#-00001090,
MW-2000-4#-00002126,
MW-2004-4Z-00000008,
MW-2010-6#-00000262,4.166666666666667
