DHSID_EA,water_index
MW-2010-6#-00000305,3.6774193548387095
MW-2000-4#-00001090,
MW-2015-7Z-00000043,1.4545454545454546
MW-2010-6#-00000262,4.166666666666667
MW-2015-7Z-00000379,3.060606060606061
MW-2014-7#-00000107,3.333333333333333
MW-2012-6Z-00000069,4.6
MW-2000-4#-00003053,
MW-2004-4Z-00000008,
MW-2015-7Z-00000490,3.4
MW-2010-6#-00000674,3.3
