DHSID_EA,women_edu
SZ-2006-5#-00000202,6.695652173913044
SZ-2006-5#-00000181,8.72
SZ-2006-5#-00000185,11.285714285714286
SZ-2006-5#-00000079,6.142857142857143
SZ-2006-5#-00000205,11.0
SZ-2006-5#-00000128,6.923076923076923
SZ-2006-5#-00000180,
SZ-2006-5#-00000153,7.0
SZ-2006-5#-00000016,12.578947368421051
SZ-2006-5#-00000227,8.129032258064516
SZ-2006-5#-00000070,9.4
SZ-2006-5#-00000155,6.894736842105263
SZ-2006-5#-00000140,7.0
