DHSID_EA,water_index
BJ-2012-6#-00000718,3.458333333333333
BJ-2012-6#-00000399,3.6666666666666665
BJ-2017-7#-00000406,3.807692307692308
BJ-2012-6#-00000343,2.6
