DHSID_EA,sanitation_index
MD-2013-6Z-00000132,1.59375
MD-2011-6#-00000012,2.677419354838709
MD-2008-5#-00000344,2.8125
MD-2008-5#-00000055,3.0
MD-1997-3#-00000143,
MD-2016-7#-00000026,2.15625
MD-1997-3#-00000008,
MD-2008-5#-00000462,1.1290322580645162
MD-2011-6#-00000163,1.7857142857142858
MD-1997-3#-00000040,
MD-2011-6#-00000185,1.0
MD-1997-3#-00000085,
MD-2008-5#-00000564,1.0
MD-2011-6#-00000256,2.25
MD-2016-7#-00000006,2.53125
