DHSID_EA,sanitation_index
CI-2012-6#-00000016,1.3666666666666667
CI-1998-3Z-00000073,
CI-2012-6#-00000019,4.904761904761905
CI-2012-6#-00000349,2.0
CI-2012-6#-00000103,1.78125
CI-1998-3Z-00000051,
CI-1998-3Z-00000110,
CI-1998-3Z-00000011,
CI-1998-3Z-00000162,
CI-2012-6#-00000217,3.740740740740741
