DHSID_EA,water_index
GN-2012-6#-00000005,3.875
GN-2012-6#-00000033,1.125
GN-2005-5#-00000071,
GN-2005-5#-00000024,
GN-1999-4#-00001201,
GN-2012-6#-00000120,4.681818181818182
GN-2018-7#-00000104,4.7
GN-1999-4#-00003223,
GN-2018-7#-00000388,4.388888888888889
GN-2018-7#-00000206,2.05
GN-2005-5#-00000160,
GN-1999-4#-00003234,
