DHSID_EA,water_index
KM-2012-6#-00000093,4.555555555555555
KM-2012-6#-00000250,2.7222222222222223
KM-2012-6#-00000198,4.611111111111111
KM-2012-6#-00000074,5.0
KM-2012-6#-00000073,5.0
KM-2012-6#-00000097,3.0
KM-2012-6#-00000064,5.0
