DHSID_EA,water_index
CI-1998-3Z-00000011,
CI-1998-3Z-00000073,
CI-2012-6#-00000016,2.8
CI-2012-6#-00000019,5.0
CI-2012-6#-00000349,4.78125
CI-2012-6#-00000103,3.125
CI-1998-3Z-00000051,
CI-1998-3Z-00000110,
CI-2012-6#-00000217,4.814814814814815
CI-1998-3Z-00000162,
