DHSID_EA,water_index
CI-2012-6#-00000016,2.8
CI-1998-3Z-00000177,
CI-2012-6#-00000349,4.78125
CI-2012-6#-00000103,3.125
CI-1998-3Z-00000051,
CI-1998-3Z-00000110,
CI-2012-6#-00000089,4.964285714285714
CI-1998-3Z-00000011,
CI-1998-3Z-00000162,
CI-2012-6#-00000217,4.814814814814815
