DHSID_EA,women_edu
BJ-2017-7#-00000442,4.185185185185185
BJ-2012-6#-00000521,6.318181818181818
BJ-2001-4#-00000200,0.4782608695652174
BJ-2017-7#-00000112,4.307692307692308
BJ-2012-6#-00000065,0.8823529411764706
