DHSID_EA,asset_index
KM-2012-6#-00000198,0.9829906314199018
KM-2012-6#-00000073,-0.0375693571195794
KM-2012-6#-00000074,-0.3563865848688566
KM-2012-6#-00000093,-0.0812677295351484
KM-2012-6#-00000097,-1.3004588009008695
