DHSID_EA,sanitation_index
BF-2010-6#-00000012,3.269230769230769
BF-2010-6#-00000022,3.0
BF-2014-7#-00000043,1.5384615384615383
BF-2010-6#-00000185,2.923076923076923
BF-2010-6#-00000251,3.28
BF-2014-7#-00000177,1.8461538461538465
BF-2017-7Z-00000057,4.0
BF-2003-4#-00000074,
