DHSID_EA,water_index
TG-2013-6#-00000232,2.857142857142857
TG-2013-6#-00000220,2.3448275862068964
TG-2013-6#-00000180,5.0
TG-2013-6#-00000003,4.448275862068965
TG-2013-6#-00000037,5.0
TG-2013-6#-00000275,1.0
