DHSID_EA,asset_index
TG-1998-3#-00000418,
TG-2013-6#-00000180,2.6289467216891493
TG-2013-6#-00000234,1.2653364944495482
TG-2013-6#-00000058,-1.081576402675014
TG-1998-3#-00000342,
TG-2013-6#-00000037,2.3669824865050164
TG-1998-3#-00000054,
