DHSID_EA,sanitation_index
TG-2013-6#-00000232,1.1071428571428572
TG-2013-6#-00000180,4.857142857142857
TG-2013-6#-00000275,1.9642857142857144
TG-2013-6#-00000003,3.413793103448276
