DHSID_EA,sanitation_index
MW-2012-6Z-00000069,2.12
MW-2000-4#-00003053,
MW-2015-7Z-00000379,2.1818181818181817
MW-2010-6#-00000236,2.057142857142857
MW-2004-4Z-00000044,
MW-2010-6#-00000305,2.3548387096774195
MW-2000-4#-00001090,
MW-2000-4#-00002126,
MW-2004-4Z-00000008,
MW-2010-6#-00000262,1.933333333333333
