DHSID_EA,asset_index
ML-2018-7Z-00000347,1.6486338863474062
ML-1996-3#-00000238,
ML-2001-4#-00000290,
ML-2006-5#-00000359,-1.1509843186584816
ML-1996-3#-00000128,
ML-2015-7#-00000161,1.5449684004906958
ML-2015-7#-00000011,-1.568976536578062
ML-1996-3#-00000053,
ML-1996-3#-00000162,
ML-1996-3#-00000251,
