DHSID_EA,sanitation_index
RW-2005-5#-00000171,
RW-2015-7#-00000029,3.1538461538461537
RW-2010-6#-00000150,2.4615384615384617
RW-2015-7#-00000157,2.769230769230769
RW-2010-6#-00000204,2.4615384615384617
RW-2015-7#-00000100,2.92
RW-2015-7#-00000064,3.076923076923077
RW-2010-6#-00000423,3.083333333333333
RW-2010-6#-00000103,2.730769230769231
RW-2005-5#-00000251,
RW-2005-5#-00000040,
RW-2005-5#-00000136,
