DHSID_EA,women_edu
ZM-2013-6#-00000347,13.538461538461538
ZM-2013-6#-00000625,3.5789473684210527
ZM-2013-6#-00000595,13.576923076923077
ZM-2013-6#-00000352,12.0
ZM-2018-7#-00000436,7.541666666666667
ZM-2018-7#-00000440,11.363636363636363
ZM-2007-5#-00000319,8.61111111111111
ZM-2018-7#-00000457,11.893617021276595
ZM-2018-7#-00000390,5.0
ZM-2007-5#-00000278,9.523809523809524
ZM-2013-6#-00000522,9.541666666666666
ZM-2018-7#-00000376,4.967741935483871
ZM-2018-7#-00000531,8.130434782608695
