{"confusion_matrix": [[17, 615], [9, 499]], "roc_auc_score": 0.5045910993720721, "classification_report": "              precision    recall  f1-score   support\n\n           0       0.65      0.03      0.05       632\n           1       0.45      0.98      0.62       508\n\n    accuracy                           0.45      1140\n   macro avg       0.55      0.50      0.33      1140\nweighted avg       0.56      0.45      0.30      1140\n", "accuracy_score": 0.45263157894736844}