{"confusion_matrix": [[77, 562], [27, 496]], "roc_auc_score": 0.5344377717334386, "classification_report": "              precision    recall  f1-score   support\n\n           0       0.74      0.12      0.21       639\n           1       0.47      0.95      0.63       523\n\n    accuracy                           0.49      1162\n   macro avg       0.60      0.53      0.42      1162\nweighted avg       0.62      0.49      0.40      1162\n", "accuracy_score": 0.49311531841652323}