DHSID_EA,asset_index
TD-2014-7#-00000130,-2.662310556451412
TD-2014-7#-00000442,0.2428437113205455
TD-2014-7#-00000493,-0.9061418693924668
TD-2014-7#-00000311,-2.3488315519555005
TD-2014-7#-00000491,-1.2083643900371566
TD-2014-7#-00000089,-2.484313309153635
TD-2014-7#-00000468,-0.1817524554715954
TD-2014-7#-00000353,1.4072433778774098
TD-2014-7#-00000509,-1.7170463969213756
TD-2014-7#-00000477,-0.3765962429993198
