DHSID_EA,women_edu
TG-1998-3#-00000418,1.826086956521739
TG-2013-6#-00000180,8.057142857142857
TG-2013-6#-00000136,9.130434782608695
TG-1998-3#-00000244,4.020408163265306
TG-2013-6#-00000234,5.727272727272728
TG-1998-3#-00000052,6.526315789473684
TG-1998-3#-00000054,4.578947368421052
