DHSID_EA,women_edu
RW-2010-6#-00000150,4.24
RW-2015-7#-00000461,7.642857142857143
RW-2015-7#-00000006,7.432432432432432
RW-2010-6#-00000419,6.724137931034483
RW-2015-7#-00000029,8.2
RW-2015-7#-00000305,5.206896551724138
RW-2010-6#-00000424,9.27777777777778
RW-2010-6#-00000103,5.416666666666667
RW-2015-7#-00000264,8.282051282051283
RW-2015-7#-00000352,7.428571428571429
RW-2005-5#-00000040,2.636363636363636
RW-2015-7#-00000046,6.757575757575758
