DHSID_EA,sanitation_index
LB-2013-6Z-00000016,3.2413793103448274
LB-2007-5#-00000252,3.25
LB-2013-6Z-00000033,1.7333333333333334
LB-2019-7Z-00000267,3.814814814814815
LB-2007-5#-00000088,1.7142857142857142
LB-2016-7#-00000089,3.4074074074074074
LB-2013-6Z-00000040,2.689655172413793
LB-2013-6Z-00000127,3.7
