DHSID_EA,asset_index
CI-2012-6#-00000328,1.622305547913528
CI-1998-3Z-00000013,
CI-2012-6#-00000019,3.13227801197631
CI-1998-3Z-00000110,
CI-1998-3Z-00000080,
CI-1998-3Z-00000011,
CI-1998-3Z-00000162,
