DHSID_EA,women_edu
ML-2018-7Z-00000347,7.45
ML-1996-3#-00000238,1.2352941176470589
ML-2012-6Z-00000561,8.590909090909092
ML-2006-5#-00000359,0.5555555555555556
ML-2015-7#-00000161,6.705882352941177
