DHSID_EA,women_edu
AO-2015-7#-00000044,9.0
AO-2015-7#-00000496,3.684210526315789
AO-2011-6#-00000197,8.145833333333334
AO-2015-7#-00000266,5.545454545454546
AO-2015-7#-00000010,5.291666666666667
AO-2006-5#-00000077,4.5
AO-2015-7#-00000571,5.162162162162162
AO-2015-7#-00000388,2.076923076923077
AO-2015-7#-00000152,7.5
AO-2015-7#-00000160,8.285714285714286
AO-2015-7#-00000495,7.5
AO-2015-7#-00000467,11.61111111111111
