DHSID_EA,sanitation_index
GA-2012-6#-00000146,3.533333333333333
GA-2012-6#-00000318,2.2666666666666666
GA-2012-6#-00000264,4.333333333333333
GA-2012-6#-00000064,2.333333333333333
GA-2012-6#-00000209,1.2
GA-2012-6#-00000026,3.5172413793103448
GA-2012-6#-00000015,2.466666666666667
GA-2012-6#-00000005,3.6
GA-2012-6#-00000187,3.034482758620689
GA-2012-6#-00000252,3.2666666666666666
GA-2012-6#-00000307,4.066666666666666
GA-2012-6#-00000215,4.413793103448276
GA-2012-6#-00000111,2.413793103448276
