DHSID_EA,asset_index
BJ-2012-6#-00000399,-0.6179068233553249
BJ-2012-6#-00000150,1.32045394462968
