DHSID_EA,asset_index
MW-2012-6Z-00000069,-0.6286219775934959
MW-2015-7Z-00000379,-1.924675716365273
MW-2014-7#-00000107,-0.4458024621604819
MW-2004-4Z-00000051,
MW-2010-6#-00000305,-0.6793229628265216
MW-2000-4#-00001090,
MW-2004-4Z-00000008,
MW-2015-7Z-00000490,-1.4397373028285794
