DHSID_EA,sanitation_index
SZ-2006-5#-00000231,5.0
SZ-2006-5#-00000181,3.411764705882353
SZ-2006-5#-00000153,3.684210526315789
SZ-2006-5#-00000155,2.421052631578948
SZ-2006-5#-00000162,3.736842105263158
SZ-2006-5#-00000079,4.9375
SZ-2006-5#-00000128,2.421052631578948
SZ-2006-5#-00000268,4.375
SZ-2006-5#-00000140,3.5789473684210527
SZ-2006-5#-00000185,4.882352941176471
SZ-2006-5#-00000227,3.45
SZ-2006-5#-00000008,2.526315789473684
SZ-2006-5#-00000197,2.0
SZ-2006-5#-00000061,3.8
