DHSID_EA,sanitation_index
GN-2012-6#-00000033,1.2083333333333333
GN-2005-5#-00000071,
GN-2018-7#-00000104,4.15
GN-1999-4#-00003223,
GN-1999-4#-00001201,
GN-2012-6#-00000120,3.590909090909091
GN-2018-7#-00000252,1.9
GN-2018-7#-00000388,4.555555555555555
GN-2018-7#-00000206,1.8
