DHSID_EA,women_edu
BF-2014-7#-00000043,2.333333333333333
BF-2003-4#-00000038,1.6551724137931034
BF-2003-4#-00000214,4.634146341463414
BF-1999-3#-00000068,0.0
BF-2010-6#-00000560,6.9523809523809526
BF-2017-7Z-00000047,7.32258064516129
